{
  "male_hourly_temperatures": [
    36.83240159, 37.73466706, 37.68713791, 37.4581706, 37.32208639, 37.36105901,
    37.38141154, 37.31052431, 37.07878478, 36.83903083, 36.65748708, 36.47016531,
    36.18017259, 36.01918954, 36.16245169, 35.99937394, 36.00583435, 36.08998255,
    36.01689428, 36.13530774, 36.10431351, 36.14088356, 36.22580844, 36.36691771
  ],
  "female_hourly_temperatures": [
    37.59703754, 38.15082055, 38.1674149, 38.1076311, 37.98267582, 37.93909249,
    37.95280021, 37.81061905, 37.65134799, 37.47627633, 37.30362088, 37.11937375,
    36.8440118, 36.84692386, 36.84662293, 36.7436132, 36.63052276, 36.56132927,
    36.61840451, 36.62850903, 36.58362018, 36.70028247, 36.81546703, 37.03757184
  ],
  "male_25th_perc": [
    36.34, 37.47, 37.48, 37.1675, 36.95, 36.94, 37.0, 36.93, 36.58, 36.29, 36.14,
    35.93, 35.63, 35.45, 35.52, 35.41, 35.41, 35.48, 35.44, 35.49, 35.54, 35.59,
    35.66, 35.84
  ],
  "female_25th_perc": [
    37.19, 37.86, 37.88, 37.82, 37.66, 37.57, 37.62, 37.38, 37.16, 36.9, 36.76,
    36.62, 36.36, 36.37, 36.37, 36.3375, 36.25, 36.1, 36.14, 36.18, 36.16, 36.31,
    36.42, 36.6
  ],
  "male_75th_perc": [
    37.27, 38.06, 38.0, 37.83, 37.76, 37.81, 37.83, 37.78, 37.61, 37.42, 37.14,
    36.96, 36.68, 36.54, 36.84, 36.51, 36.56, 36.63, 36.45, 36.76, 36.63, 36.66,
    36.79, 36.87
  ],
  "female_75th_perc": [
    38.01, 38.52, 38.5, 38.46, 38.4, 38.38, 38.37, 38.31, 38.19, 38.02, 37.79,
    37.58, 37.35, 37.31, 37.31, 37.17, 36.98, 36.94, 36.99, 36.99, 36.95, 37.08,
    37.2425, 37.46
  ]
}
